1,Belgium,26/05/2003,1,0.64,4.390053818,2.348168321,0.526178186,0.212041955,0.109947681
1,Belgium,26/05/2003,2,0.64,1.267810587,3.986729677,0.412420311,0.038187066,0.099286371
1,Belgium,26/05/2003,3,0.64,2.17070755,2.184577886,1.199784045,0.104027518,0.506267256
1,Belgium,26/05/2003,4,0.64,2.232547256,2.848422361,0.342152836,0.18818406,0.265168448
1,Belgium,26/05/2003,5,1,3.198825286,2.078788421,0.887069197,0.51073681,0.241927963
1,Belgium,26/05/2003,6,0.88,2.445794117,2.579201069,0.344634626,0.600331283,0.266813904
1,Belgium,26/05/2003,7,0.88,3.252920646,2.239379056,1.417588576,0.095875556,0.095875556
1,Belgium,26/05/2003,8,0.88,3.844909458,2.656184785,0.254141137,0.172160125,0.34432025
1,Belgium,26/05/2003,9,0.88,1.243918257,3.631533868,0.707441663,0.079587187,0.22991854
1,Belgium,26/05/2003,10,0.88,1.528347699,2.894105217,0.390216434,0.300791834,0.487770542
1,Belgium,26/05/2003,11,0.88,2.016360476,2.161836148,1.05554441,0.240204016,0.175924068
1,Belgium,26/05/2003,12,0,5.539044211,0,0,0,0.205495738
1,Belgium,26/05/2003,13,0,0,4.618576427,0,0,0.106787894
1,Belgium,26/05/2003,14,0,0,0,3.390731492,0,1.078869111
1,Belgium,26/05/2003,15,0,0,0,0,1.685676738,1.702311705
1,Belgium,26/05/2003,16,0.64,3.900185518,1.005012344,0.765284629,0.313490089,0.47945543
1,Belgium,26/05/2003,17,0.64,0.971581683,3.605937388,0.26734798,0.097810237,0.176058426
1,Belgium,26/05/2003,18,0.64,2.13052128,1.994025487,1.519257514,0.047476797,0.225514787
1,Belgium,26/05/2003,19,0.64,1.699852682,3.304042659,0.220760089,0.610769578,0.286988115
1,Belgium,26/05/2003,20,1,2.782391928,2.648121004,0.634057142,0.365515294,0.111892437
1,Belgium,26/05/2003,21,0.88,2.46842655,2.476188897,0.551126683,0.170771648,0.364830339
1,Belgium,26/05/2003,22,0.88,3.228496692,0.915083457,1.336638758,0.020563673,0.709446725
1,Belgium,26/05/2003,23,0.88,3.495318245,1.445979869,0.68658037,0.488928445,0.395303849
1,Belgium,26/05/2003,24,0.88,0.666635148,3.143790753,0.871170931,0.371194571,0.234837382
1,Belgium,26/05/2003,25,0.88,1.257084406,3.541358404,0.171198265,0.34728791,0.225003435
1,Belgium,26/05/2003,26,0.88,0.679044998,2.71617999,1.305855764,0.344745922,0.825300843
1,Belgium,26/05/2003,27,0,5.95234639,0,0,0,0.502707345
1,Belgium,26/05/2003,28,0,0,3.571117976,0,0,0.371087833
1,Belgium,26/05/2003,29,0,0,0,2.889199539,0,1.188822753
1,Belgium,26/05/2003,30,0,0,0,0,2.667163729,1.217953379
2,Finland,22/06/2004,1,0.64,3.934215076,0.041853352,0.049463052,0.00380485,0.076097003
2,Finland,22/06/2004,2,0.64,0.225140964,2.184701205,0.062539157,0.037523494,0.604545181
2,Finland,22/06/2004,3,0.64,1.550280707,0.896175558,0.530494727,0.056654777,1.117644231
2,Finland,22/06/2004,4,0.64,2.775122142,0.405201883,0.289429917,0.153227603,0.595885122
2,Finland,22/06/2004,5,1,2.656364831,0.713399718,0.100715254,0.029375282,0.461611582
2,Finland,22/06/2004,6,0.88,2.482149744,0.926927795,0.085323897,0.003878359,0.283120205
2,Finland,22/06/2004,7,0.88,3.327472455,0.249991454,0.499982908,0,0.142236517
2,Finland,22/06/2004,8,0.88,3.660395737,0.178667627,0.004581221,0.018324885,0.11453053
2,Finland,22/06/2004,9,0.88,2.198249566,0.738350768,0.053615843,0.011655618,0.286728204
2,Finland,22/06/2004,10,0.88,1.333848784,1.46795858,0.108737673,0.137734385,0.627053912
2,Finland,22/06/2004,11,0.88,2.893437878,0.262793515,0.200481651,0.070439499,0.249247458
2,Finland,22/06/2004,12,0,4.013466667,0,0,0,0
2,Finland,22/06/2004,13,0,0,1.36383,0,0,0.03497
2,Finland,22/06/2004,14,0,0,0,0.733185484,0,0.074947849
2,Finland,22/06/2004,15,0,0,0,0,0.146059753,0.490006914
2,Finland,22/06/2004,16,0.64,3.814000357,0.076471185,0.038235593,0.023897245,0.066912287
2,Finland,22/06/2004,17,0.64,0.509927056,1.313145491,0.189972825,0.019997139,0.763224156
2,Finland,22/06/2004,18,0.64,3.065409118,0.227272647,0.249445588,0.060975588,0.166297059
2,Finland,22/06/2004,19,0.64,1.748900474,0.160230648,0.034091627,0.013636651,0.2011406
2,Finland,22/06/2004,20,1,1.94587037,0.493488774,0.493488774,0.080242077,0.489476671
2,Finland,22/06/2004,21,0.88,2.049189227,0.798755894,0.052299493,0.004754499,0.846300887
2,Finland,22/06/2004,22,0.88,3.066644494,0.099593326,0.128641379,0.008299444,0.427421357
2,Finland,22/06/2004,23,0.88,3.241572414,0.126654844,0.05145353,0.091033169,0.506619376
2,Finland,22/06/2004,24,0.88,1.428900169,0.806835871,0.21248731,0.030795262,0.554314721
2,Finland,22/06/2004,25,0.88,0.680394306,0.756557847,0.09139625,0.010155139,0.898729792
2,Finland,22/06/2004,26,0.88,2.107735205,0.273129501,0.350430303,0.066994029,0.092760963
2,Finland,22/06/2004,27,0,3.957438516,0,0,0,0.069811484
2,Finland,22/06/2004,28,0,0,2.133583024,0,0,0.458516976
2,Finland,22/06/2004,29,0,0,0,0.88757074,0,0.561429261
2,Finland,22/06/2004,30,0,0,0,0,0.130387097,0.678012903
3,France,7/5/2004,1,0.64,1.687333333,0,0,0.414,1.569
3,France,7/5/2004,2,0.64,2.048,0,1.758,2.349,0
3,France,7/5/2004,3,0.64,1.0602,0,2.0904,2.07,0
3,France,7/5/2004,4,0.64,1.932,0,0,2.214,0
3,France,7/5/2004,5,1,1.193,0,3.519,1.29,1.044
3,France,7/5/2004,6,0.88,1.4976,0,0,1.1307,0.99
3,France,7/5/2004,7,0.88,0.631,0,0.18025,0.48075,0.66
3,France,7/5/2004,8,0.88,0.879428571,0,0,1.728857143,0.454714286
3,France,7/5/2004,9,0.88,1.521,0,1.476,1.695,0
3,France,7/5/2004,10,0.88,0.894857143,0,0,4.354285714,0.855
3,France,7/5/2004,11,0.88,0,0,4.338,1.107,2.184
3,France,7/5/2004,12,0,4.6125,0,0,0,0.9465
3,France,7/5/2004,13,0,0,0,0,0,2.5275
3,France,7/5/2004,14,0,0,0,4.4775,0,1.1505
3,France,7/5/2004,15,0,0,0,0,1.918636364,2.356354545
3,France,7/5/2004,16,0.64,0,0,0,5.5025,1.1245
3,France,7/5/2004,17,0.64,0.967,0,0,3.778,1.149
3,France,7/5/2004,18,0.64,0,0,2.112272727,1.695818182,0.862909091
3,France,7/5/2004,19,0.64,1.786,0,0,0.908,1.347
3,France,7/5/2004,20,1,1.732666667,0,0,0,2.211
3,France,7/5/2004,21,0.88,7.245,0,0,0,1.521
3,France,7/5/2004,22,0.88,0.811125,0,3.1545,0.72,1.59225
3,France,7/5/2004,23,0.88,2.161714286,0,0,1.356,1.451142857
3,France,7/5/2004,24,0.88,1.952666667,0,2.211,0,0.510666667
3,France,7/5/2004,25,0.88,0.94575,0,1.02,1.239,0.94575
3,France,7/5/2004,26,0.88,2.844375,0,0,0.592875,1.15575
3,France,7/5/2004,27,0,3.471428571,0,0,0,1.437
3,France,7/5/2004,28,0,0,0,0,0,1.888666667
3,France,7/5/2004,29,0,0,0,2.181666667,0,1.8253
3,France,7/5/2004,30,0,0,0,0,4.8475,1.023
4,Germany,10/5/2004,1,0.64,6.71449742,0.155248495,1.136136715,0.09703031,0.104087059
4,Germany,10/5/2004,2,0.64,3.284492622,3.644557321,0.700056105,0.037637425,0.070256527
4,Germany,10/5/2004,3,0.64,2.110022111,0.439190123,5.716291317,0.098204003,0.087292447
4,Germany,10/5/2004,4,0.64,2.659353752,0.66541807,0.788300153,2.19332925,1.263598775
4,Germany,10/5/2004,5,1,3.548474737,0.40136025,3.67600977,0.456375363,0.108779881
4,Germany,10/5/2004,6,0.88,6.595686941,0.888148643,1.302989231,0.225517367,0.165657819
4,Germany,10/5/2004,7,0.88,3.46493456,0.375204778,3.029914527,0.034801603,0.424144532
4,Germany,10/5/2004,8,0.88,6.929197258,0.150410764,0.459473978,0.561464839,0.015453161
4,Germany,10/5/2004,9,0.88,3.277310924,1.735453675,2.763070418,0.022471014,0.326693969
4,Germany,10/5/2004,10,0.88,4.736385307,0.980743179,0.888943759,0.964474928,0.053452827
4,Germany,10/5/2004,11,0.88,1.770599479,1.845313322,5.127978665,0.61787162,0.199236914
4,Germany,10/5/2004,12,0,7.920071596,0,0,0,0.117928404
4,Germany,10/5/2004,13,0,0,4.798930377,0,0,1.574069623
4,Germany,10/5/2004,14,0,0,0,7.060287967,0,0.519712033
4,Germany,10/5/2004,15,0,0,0,0,2.957733648,1.454266352
4,Germany,10/5/2004,16,0.64,6.467494253,0.065328225,1.319346105,0.566651341,0.477180077
4,Germany,10/5/2004,17,0.64,3.743354393,2.374542942,1.999360316,0.15007305,0.314669299
4,Germany,10/5/2004,18,0.64,2.198956016,0.404607907,3.123774089,0.066596954,1.548065035
4,Germany,10/5/2004,19,0.64,2.810918949,0.292205702,0.887855785,1.966769145,0.744250419
4,Germany,10/5/2004,20,1,4.709283136,0.526601341,1.803806086,0.340587932,0.239721506
4,Germany,10/5/2004,21,0.88,4.652300132,0.655028521,0.882957145,0.210887231,0.880826971
4,Germany,10/5/2004,22,0.88,5.809810562,0.192158424,1.492209556,0.034455993,0.376365465
4,Germany,10/5/2004,23,0.88,7.236624612,0.28584429,0.175079628,0.110764662,0.253686808
4,Germany,10/5/2004,24,0.88,2.064054715,1.509598756,3.297164767,0.09462715,0.168554611
4,Germany,10/5/2004,25,0.88,2.900799727,3.028400888,1.266087075,1.084609869,0.024102442
4,Germany,10/5/2004,26,0.88,3.628503856,1.728852001,1.952282042,0.294927653,0.507434447
4,Germany,10/5/2004,27,0,6.614057302,0,0,0,0.842942698
4,Germany,10/5/2004,28,0,0,5.179778623,0,0,1.113221377
4,Germany,10/5/2004,29,0,0,0,7.403021687,0,0.955978313
4,Germany,10/5/2004,30,0,0,0,0,4.381274725,0.498725275
5,Germany,19/05/2005,1,0.64,2.221230429,0.033948937,0.921471139,0.460735569,0.092147114
5,Germany,19/05/2005,2,0.64,2.63094702,0.447439969,0.936641003,0.369883708,0.274429848
5,Germany,19/05/2005,3,0.64,0.448052047,0.661149971,3.868546939,0.027320247,0.295058665
5,Germany,19/05/2005,4,0.64,1.066984743,0.361050393,1.201705039,0.770600093,0.749044845
5,Germany,19/05/2005,5,1,2.908007112,0.099845738,0.680199089,0.093605379,0.380661875
5,Germany,19/05/2005,6,0.88,2.577246116,0.116001293,0.842270257,0.262263793,0.211828448
5,Germany,19/05/2005,7,0.88,3.146848815,0,0.870011143,0.154257295,0.203619629
5,Germany,19/05/2005,8,0.88,2.814126738,0.16687544,0.970911651,0.33375088,0.781280469
5,Germany,19/05/2005,9,0.88,0.841354965,0.594641855,3.181966522,0.145497475,0.170801384
5,Germany,19/05/2005,10,0.88,1.169951075,0.174075766,1.777192117,0.680109967,0.566758306
5,Germany,19/05/2005,11,0.88,1.791194141,0.188150645,1.975581773,0.267173916,0.353723213
5,Germany,19/05/2005,12,0,2.666198257,0,0,0,0.459689355
5,Germany,19/05/2005,13,0,0,1.097700541,0,0,2.419103087
5,Germany,19/05/2005,14,0,0,0,3.573433553,0,0.943453251
5,Germany,19/05/2005,15,0,0,0,0,1.834764233,2.171462988
5,Germany,19/05/2005,16,0.64,2.149023142,0.055818783,0.580515342,0.206529497,0.49120529
5,Germany,19/05/2005,17,0.64,2.411074039,0.415421541,0.19956525,0.537604347,0.513167785
5,Germany,19/05/2005,18,0.64,1.588677987,0.1515088,2.471757849,0.069261166,0.48482816
5,Germany,19/05/2005,19,0.64,2.624215213,0.477130039,0.552466361,0.571300441,0.847533621
5,Germany,19/05/2005,20,1,2.407710773,0.14010386,1.172721196,0.223128369,0.492958025
5,Germany,19/05/2005,21,0.88,2.974432853,0.087590661,0.226275874,0.357661865,0.094889882
5,Germany,19/05/2005,22,0.88,2.035570917,0.005259873,1.52536322,0.199875181,0.668003893
5,Germany,19/05/2005,23,0.88,2.779789135,0.140664029,0.569354401,0.401897224,0.32151778
5,Germany,19/05/2005,24,0.88,1.616387064,0.301725585,2.397640812,0.204742361,0.651942783
5,Germany,19/05/2005,25,0.88,0.72432956,0.997437426,1.086494339,0.617461264,0.581838499
5,Germany,19/05/2005,26,0.88,1.773234871,0.208316991,1.437895325,0.416633981,1.05682766
5,Germany,19/05/2005,27,0,2.723130342,0,0,0,0.711727249
5,Germany,19/05/2005,28,0,0,1.075653254,0,0,1.944277011
5,Germany,19/05/2005,29,0,0,0,3.01626417,0,1.362904551
5,Germany,19/05/2005,30,0,0,0,0,3.92563518,0.091904503
6,Iceland,30/06/2003,1,0.64,4.075,0.225,0.08,0.025,0.0225
6,Iceland,30/06/2003,2,0.64,1.4775,2.0625,0.085,0.0425,0.12
6,Iceland,30/06/2003,3,0.64,2.5275,0.2275,0.51,0.0175,0.145
6,Iceland,30/06/2003,4,0.64,2.1325,0.2925,0.02,0.16,0.225
6,Iceland,30/06/2003,5,1,3.0225,1.2325,0.3925,0.1425,0.14
6,Iceland,30/06/2003,6,0.88,3.2775,0.7675,0.1275,0.0375,0.1025
6,Iceland,30/06/2003,7,0.88,3.315,0.485,0.955,0.05,0.3875
6,Iceland,30/06/2003,8,0.88,3.555,0.14,0.0775,0.05,0.0275
6,Iceland,30/06/2003,9,0.88,1.06,1.6175,0.3775,0.025,0.365
6,Iceland,30/06/2003,10,0.88,2.0675,0.52,0.0925,0.07,0.095
6,Iceland,30/06/2003,11,0.88,1.4325,0.2375,0.195,0.0275,0.085
6,Iceland,30/06/2003,12,0,4.4775,0,0,0,0.0925
6,Iceland,30/06/2003,13,0,0,0.33,0,0,0.61
6,Iceland,30/06/2003,14,0,0,0,1.7675,0,2.2
6,Iceland,30/06/2003,15,0,0,0,0,0.1775,1.7125
6,Iceland,30/06/2003,16,0.64,4.23,0.5025,0.125,0.0675,0.2375
6,Iceland,30/06/2003,17,0.64,1.3875,1.4625,0.235,0.0275,0.0675
6,Iceland,30/06/2003,18,0.64,1.28,0.415,0.1925,0.015,0.0725
6,Iceland,30/06/2003,19,0.64,1.8175,0.65,0.04,0.16,0.805
6,Iceland,30/06/2003,20,1,2.2125,0.2975,0.255,0.055,0.19
6,Iceland,30/06/2003,21,0.88,2.63,0.2775,0.065,0.03,0.155
6,Iceland,30/06/2003,22,0.88,2.3975,0.125,0.185,0.005,0.1925
6,Iceland,30/06/2003,23,0.88,2.6,0.28,0.065,0.05,0.195
6,Iceland,30/06/2003,24,0.88,1.4775,1.7725,0.6575,0.0675,0.335
6,Iceland,30/06/2003,25,0.88,1.125,1.53,0.1,0.145,0.49
6,Iceland,30/06/2003,26,0.88,1.5925,0.24,0.09,0.0375,0.12
6,Iceland,30/06/2003,27,0,3.4475,0,0,0,0.085
6,Iceland,30/06/2003,28,0,0,2.8525,0,0,0.37
6,Iceland,30/06/2003,29,0,0,0,0.4625,0,0.74
6,Iceland,30/06/2003,30,0,0,0,0,0.02,1.2825
7,Iceland,5/7/2004,1,0.64,1.76,0.076,0.016,0.1,0.072
7,Iceland,5/7/2004,2,0.64,0.404,0.656,0.032,0.452,0.032
7,Iceland,5/7/2004,3,0.64,0.836,0.156,0,0.108,0.052
7,Iceland,5/7/2004,4,0.64,0.64,0.16,0,0.168,0.304
7,Iceland,5/7/2004,5,1,0.536,0.272,0,0.192,0.128
7,Iceland,5/7/2004,6,0.88,0.928,0.252,0,0.172,0.02
7,Iceland,5/7/2004,7,0.88,1.472,0.16,0,0.084,0.096
7,Iceland,5/7/2004,8,0.88,1.284,0.156,0,0.308,0.112
7,Iceland,5/7/2004,9,0.88,0.684,0.368,0,0.148,0.04
7,Iceland,5/7/2004,10,0.88,0.652,0.268,0.036,0.16,0.04
7,Iceland,5/7/2004,11,0.88,0.54,0.18,0.02,0.224,0.1
7,Iceland,5/7/2004,12,0,2.284,0,0,0,0.032
7,Iceland,5/7/2004,13,0,0,0.324,0,0,0.092
7,Iceland,5/7/2004,14,0,0,0,0,0,0.32
7,Iceland,5/7/2004,15,0,0,0,0,0.092,0.572
7,Iceland,5/7/2004,16,0.64,1.816,0.152,0,0.076,0.02
7,Iceland,5/7/2004,17,0.64,0.196,0.248,0,0.136,0.012
7,Iceland,5/7/2004,18,0.64,0.804,0.112,0,0.036,0.088
7,Iceland,5/7/2004,19,0.64,0.728,0.208,0,0.228,0.188
7,Iceland,5/7/2004,20,1,0.912,0.216,0,0.116,0.036
7,Iceland,5/7/2004,21,0.88,0.644,0.16,0,0.104,0.08
7,Iceland,5/7/2004,22,0.88,1.184,0.092,0.016,0.12,0.02
7,Iceland,5/7/2004,23,0.88,1.156,0.084,0,0.104,0.06
7,Iceland,5/7/2004,24,0.88,0.248,0.364,0,0.056,0.108
7,Iceland,5/7/2004,25,0.88,0.688,0.532,0,0.388,0.08
7,Iceland,5/7/2004,26,0.88,0.396,0.136,0,0.072,0.06
7,Iceland,5/7/2004,27,0,1.708,0,0,0,0.04
7,Iceland,5/7/2004,28,0,0,0.256,0,0,0.036
7,Iceland,5/7/2004,29,0,0,0,0,0,0.256
7,Iceland,5/7/2004,30,0,0,0,0,0.032,0.448
8,Ireland,29/03/2004,1,0.64,1.239976777,0.079294159,0.165483462,0.147096411,0.001149191
8,Ireland,29/03/2004,2,0.64,0.409516979,1.942209182,0.019477027,0.019477027,0.011486452
8,Ireland,29/03/2004,3,0.64,0.371429678,0.505822491,0.520309789,0.049010223,0.045927819
8,Ireland,29/03/2004,4,0.64,0.928563171,0.105670222,0.06874126,0.020911581,0.0024471
8,Ireland,29/03/2004,5,1,0.932249169,0.718348038,0.078208823,0.02854622,0.00664775
8,Ireland,29/03/2004,6,0.88,1.626008867,0.238066778,0.091564145,0.090286506,0.003407038
8,Ireland,29/03/2004,7,0.88,0.772198582,0.624113475,0.018156028,0.266099291,0.052765957
8,Ireland,29/03/2004,8,0.88,1.377703521,0.180945267,0.029203192,0.152314687,0
8,Ireland,29/03/2004,9,0.88,0.258792003,1.770607829,0.212209442,0.033407695,0.058816364
8,Ireland,29/03/2004,10,0.88,1.227165439,0.82091324,0.059913002,0.069898503,0.033109817
8,Ireland,29/03/2004,11,0.88,0.18529996,0.180246325,0.126172428,0.047167263,0.026447358
8,Ireland,29/03/2004,12,0,1.322160802,0,0,0,0.003839198
8,Ireland,29/03/2004,13,0,0,2.539917153,0,0,0.010082847
8,Ireland,29/03/2004,14,0,0,0,0.105318707,0,0.515181293
8,Ireland,29/03/2004,15,0,0,0,0,0.011377523,0.060289143
8,Ireland,29/03/2004,16,0.64,1.526122054,0.164080831,0.019303627,0.043149284,0.005677537
8,Ireland,29/03/2004,17,0.64,0.398845574,1.910234531,0.0903788,0.008350215,0.026524213
8,Ireland,29/03/2004,18,0.64,0.505604582,0.526001833,0.247548454,0.036776861,0.03306827
8,Ireland,29/03/2004,19,0.64,0.552593023,0.342114043,0.005256261,0.109238819,0.012797853
8,Ireland,29/03/2004,20,1,0.885322623,0.791610492,0.090944262,0.040331803,0.00079082
8,Ireland,29/03/2004,21,0.88,1.195094361,0.614321199,0.11937873,0.097158601,0.008713776
8,Ireland,29/03/2004,22,0.88,0.937817296,0.49018595,0.077567887,0.021007969,0.298420897
8,Ireland,29/03/2004,23,0.88,1.023854903,0.21458917,0.051148651,0.112585825,0.003821451
8,Ireland,29/03/2004,24,0.88,0.541499364,1.739361594,0.011436626,0.007955914,0.045746503
8,Ireland,29/03/2004,25,0.88,0.497187822,1.96627066,0.033459538,0.018298185,0.124950462
8,Ireland,29/03/2004,26,0.88,0.106392,0.2072928,0.025004571,0.025004571,0.065306057
8,Ireland,29/03/2004,27,0,2.453338611,0,0,0,0.014161389
8,Ireland,29/03/2004,28,0,0,2.64116468,0,0,0.02583532
8,Ireland,29/03/2004,29,0,0,0,0.170964643,0,0.190702024
8,Ireland,29/03/2004,30,0,0,0,0,0.175927602,0.104072398
9,Italy,21/01/2003,1,0.64,0.806638709,0,0.008619777,0.007757799,0.048098354
9,Italy,21/01/2003,2,0.64,0,0,0,0,0
9,Italy,21/01/2003,3,0.64,0.271616483,0,0.192236503,0,0.018386737
9,Italy,21/01/2003,4,0.64,0.105393903,0,0.022654307,0.015265969,0.03439736
9,Italy,21/01/2003,5,1,0.253418274,0,0.061660372,0.003597552,0.013218913
9,Italy,21/01/2003,6,0.88,0.801193443,0,0.030917476,0,0.026736014
9,Italy,21/01/2003,7,0.88,0.1695872,0,0.041545974,0,0.006935031
9,Italy,21/01/2003,8,0.88,0.357822454,0,0.029780793,0,0.041783698
9,Italy,21/01/2003,9,0.88,0.139912314,0,0.045657888,0.002884229,0.031073485
9,Italy,21/01/2003,10,0.88,0.19318877,0,0.007049077,0.003832936,0.005242751
9,Italy,21/01/2003,11,0.88,0.034569675,0,0.002792882,0.001365409,0.010830176
9,Italy,21/01/2003,12,0,0.263654165,0,0,0,0.006497946
9,Italy,21/01/2003,13,0,0,0,0,0,0
9,Italy,21/01/2003,14,0,0,0,0,0,0
9,Italy,21/01/2003,15,0,0,0,0,0,0
9,Italy,21/01/2003,16,0.64,0.788379598,0,0.025600414,0,0.024044588
9,Italy,21/01/2003,17,0.64,0,0,0,0,0
9,Italy,21/01/2003,18,0.64,0.116978952,0,0.055893922,0.002774558,0.022330718
9,Italy,21/01/2003,19,0.64,0.083255683,0,0.00840195,0.007098974,0.015770505
9,Italy,21/01/2003,20,1,0.091288893,0,0.010335985,0.001033598,0.037357202
9,Italy,21/01/2003,21,0.88,0.25201626,0,0.005991309,0,0.029738681
9,Italy,21/01/2003,22,0.88,0.380193175,0,0.015986959,0,0.054313311
9,Italy,21/01/2003,23,0.88,0.330591704,0,0.021455009,0.006574922,0.103122465
9,Italy,21/01/2003,24,0.88,0.053236119,0,0.014780949,0,0.011404799
9,Italy,21/01/2003,25,0.88,0.142878463,0,0.003329392,0.002901327,0.011272369
9,Italy,21/01/2003,26,0.88,0.140767393,0,0.036010263,0.008184151,0.035386709
9,Italy,21/01/2003,27,0,0.426684834,0,0,0,0.0242835
9,Italy,21/01/2003,28,0,0,0,0,0,0
9,Italy,21/01/2003,29,0,0,0,0,0,0
9,Italy,21/01/2003,30,0,0,0,0,0,0
10,Lithuania,11/6/2003,1,0.64,1.251,0.038,0.513,0.056,1.092
10,Lithuania,11/6/2003,2,0.64,0.165,0.079,0.483,0.044,1.55
10,Lithuania,11/6/2003,3,0.64,0.336,0.026,1.348,0.017,1.123
10,Lithuania,11/6/2003,4,0.64,0.312,0.061,0.301,0.329,0.888
10,Lithuania,11/6/2003,5,1,0.346,0.036,0.486,0.116,1.247
10,Lithuania,11/6/2003,6,0.88,0.505,0.108,0.72,0.081,1.036
10,Lithuania,11/6/2003,7,0.88,0.762,0.01,1.019,0.052,0.757
10,Lithuania,11/6/2003,8,0.88,0.653,0.04,0.28,0.209,1.039
10,Lithuania,11/6/2003,9,0.88,0.101,0.072,1.024,0.018,1.035
10,Lithuania,11/6/2003,10,0.88,0.225,0.105,0.363,0.136,1.232
10,Lithuania,11/6/2003,11,0.88,0.674,0.061,0.49,0.041,1.003
10,Lithuania,11/6/2003,12,0,3.148,0,0,0,1.502
10,Lithuania,11/6/2003,13,0,0,0.65,0,0,1.84
10,Lithuania,11/6/2003,14,0,0,0,1.462,0,1.158
10,Lithuania,11/6/2003,15,0,0,0,0,0.58,1.03
10,Lithuania,11/6/2003,16,0.64,1.121,0.016,0.419,0.113,1.462
10,Lithuania,11/6/2003,17,0.64,0.222,0.083,0.354,0.047,1.534
10,Lithuania,11/6/2003,18,0.64,0.571,0.048,1.737,0.01,1.034
10,Lithuania,11/6/2003,19,0.64,0.412,0.012,0.056,0.19,1.33
10,Lithuania,11/6/2003,20,1,0.484,0.14,1.004,0.202,1.141
10,Lithuania,11/6/2003,21,0.88,1.078,0.402,0.982,0.167,0.781
10,Lithuania,11/6/2003,22,0.88,1.93,0.024,1.229,0.036,0.81
10,Lithuania,11/6/2003,23,0.88,0.852,0.012,0.244,0.112,1.22
10,Lithuania,11/6/2003,24,0.88,0.559,0.108,1.231,0.034,0.918
10,Lithuania,11/6/2003,25,0.88,0.91,0.482,0.762,0.432,1.303
10,Lithuania,11/6/2003,26,0.88,0.468,0.057,1.357,0.166,0.672
10,Lithuania,11/6/2003,27,0,1.83,0,0,0,1.21
10,Lithuania,11/6/2003,28,0,0,1.134,0,0,2.016
10,Lithuania,11/6/2003,29,0,0,0,1.027,0,1.103
10,Lithuania,11/6/2003,30,0,0,0,0,0.67,1.13
11,Lithuania,7/6/2004,1,0.64,2.72118,1.23816,0.26796,0.05082,0.34188
11,Lithuania,7/6/2004,2,0.64,0.45217,3.06861,0.36876,0.03073,0.46973
11,Lithuania,7/6/2004,3,0.64,0.8091,1.91115,1.581,0.0093,0.33945
11,Lithuania,7/6/2004,4,0.64,0.52768,2.328,0.36084,0.08536,0.57812
11,Lithuania,7/6/2004,5,1,1.78752,0.60032,1.04384,0.25088,0.79744
11,Lithuania,7/6/2004,6,0.88,2.05588,1.59181,0.61876,0.03992,0.68363
11,Lithuania,7/6/2004,7,0.88,2.1482,0.52771,1.41968,0.04203,0.53238
11,Lithuania,7/6/2004,8,0.88,3.0672,0.4752,0.12528,0.28512,0.3672
11,Lithuania,7/6/2004,9,0.88,1.06888,1.28007,1.43954,0,0.52151
11,Lithuania,7/6/2004,10,0.88,0.72039,1.99837,0.23606,0.19129,0.92389
11,Lithuania,7/6/2004,11,0.88,0.62634,1.85328,1.05534,0.15444,0.6006
11,Lithuania,7/6/2004,12,0,5.43291,0,0,0,0.87709
11,Lithuania,7/6/2004,13,0,0,4.6488,0,0,0.5512
11,Lithuania,7/6/2004,14,0,0,0,2.55816,0,0.86184
11,Lithuania,7/6/2004,15,0,0,0,0,1.02648,0.79352
11,Lithuania,7/6/2004,16,0.64,2.6325,0.324,0.2916,0.081,0.7209
11,Lithuania,7/6/2004,17,0.64,0.9282,2.83764,0.27404,0.05304,0.32708
11,Lithuania,7/6/2004,18,0.64,1.29558,1.64307,1.04676,0.01287,0.29172
11,Lithuania,7/6/2004,19,0.64,1.41035,0.7102,0.37855,0.31825,0.53265
11,Lithuania,7/6/2004,20,1,1.79078,2.02894,0.32518,0.12824,0.30686
11,Lithuania,7/6/2004,21,0.88,2.26416,1.6324,0.00848,0.01696,0.318
11,Lithuania,7/6/2004,22,0.88,1.92472,0.80033,1.46809,0.03437,0.68249
11,Lithuania,7/6/2004,23,0.88,2.05572,0.93526,0.31947,0.14353,1.17602
11,Lithuania,7/6/2004,24,0.88,0.7868,3.5687,0.87672,0,0.38778
11,Lithuania,7/6/2004,25,0.88,1.41198,1.97584,0.16776,0.16776,0.93666
11,Lithuania,7/6/2004,26,0.88,0.87234,2.49116,0.65534,0.13888,0.18228
11,Lithuania,7/6/2004,27,0,5.30909,0,0,0,0.32091
11,Lithuania,7/6/2004,28,0,0,3.84237,0,0,0.14763
11,Lithuania,7/6/2004,29,0,0,0,0.61672,0,0.42328
11,Lithuania,7/6/2004,30,0,0,0,0,0.783,1.017
12,Lithuania,27/06/2004,1,0.64,4.4928,0.192,0.1104,0.0048,0
12,Lithuania,27/06/2004,2,0.64,0.8785,3.6144,0.5271,0,0
12,Lithuania,27/06/2004,3,0.64,2.70256,1.2768,1.33,0.01064,0
12,Lithuania,27/06/2004,4,0.64,3.321,1.11684,0.48216,0,0
12,Lithuania,27/06/2004,5,1,4.422,0.7236,0.2144,0,0
12,Lithuania,27/06/2004,6,0.88,3.871,0.8085,0.2107,0.0098,0
12,Lithuania,27/06/2004,7,0.88,4.15667,0.35928,0.47405,0,0
12,Lithuania,27/06/2004,8,0.88,4.01358,0.39864,0.07248,0.0453,0
12,Lithuania,27/06/2004,9,0.88,1.65504,1.71969,0.92234,0.01293,0
12,Lithuania,27/06/2004,10,0.88,2.1761,2.2325,0.2115,0,0.0799
12,Lithuania,27/06/2004,11,0.88,2.20685,1.3231,1.05545,0.06565,0.39895
12,Lithuania,27/06/2004,12,0,5.63376,0,0,0,0.18624
12,Lithuania,27/06/2004,13,0,0,4.32985,0,0,0.12015
12,Lithuania,27/06/2004,14,0,0,0,2.83998,0,0.47002
12,Lithuania,27/06/2004,15,0,0,0,0,1.7664,0.9936
12,Lithuania,27/06/2004,16,0.64,5.39168,0.19173,0.22659,0,0
12,Lithuania,27/06/2004,17,0.64,1.34385,2.7621,0.50685,0.02325,0.01395
12,Lithuania,27/06/2004,18,0.64,2.19459,2.21751,1.12308,0,0.19482
12,Lithuania,27/06/2004,19,0.64,1.81902,2.61919,0.2485,0.0994,0.18389
12,Lithuania,27/06/2004,20,1,3.243,1.98528,0.3666,0.04512,0
12,Lithuania,27/06/2004,21,0.88,4.80555,0.28143,0.22302,0,0
12,Lithuania,27/06/2004,22,0.88,4.87008,0.456,0.72352,0.0304,0
12,Lithuania,27/06/2004,23,0.88,4.1921,0.41715,0.1133,0.03605,0.3914
12,Lithuania,27/06/2004,24,0.88,1.3311,3.04848,0.81954,0.02088,0
12,Lithuania,27/06/2004,25,0.88,2.02122,2.50344,0.55917,0.04617,0
12,Lithuania,27/06/2004,26,0.88,1.99633,2.25071,0.85715,0.10507,0.32074
12,Lithuania,27/06/2004,27,0,5.35,0,0,0,0
12,Lithuania,27/06/2004,28,0,0,4.33791,0,0,0.37209
12,Lithuania,27/06/2004,29,0,0,0,2.62116,0,0.61884
12,Lithuania,27/06/2004,30,0,0,0,0,2.34076,0.28078
13,Netherlands,6/5/2004,1,0.64,1.073920289,0.071594686,0,0.011932448,0.034283837
13,Netherlands,6/5/2004,2,0.64,0.383598426,0.085244095,0.017048819,0,0.368922838
13,Netherlands,6/5/2004,3,0.64,0.515166021,0.025758301,0.171722007,0.060102702,0.090997987
13,Netherlands,6/5/2004,4,0.64,0.886862959,0,0,0.205276866,0.185955137
13,Netherlands,6/5/2004,5,1,0.672712498,0.17939,0.02242375,0.011211875,0.233255558
13,Netherlands,6/5/2004,6,0.88,1.33806381,0.234161167,0,0.016725798,0.072955822
13,Netherlands,6/5/2004,7,0.88,0,0,0,0,0.58947877
13,Netherlands,6/5/2004,8,0.88,0.684324928,0.080423875,0,0.060317906,0.2581914
13,Netherlands,6/5/2004,9,0.88,0.797716966,0.217559173,0,0.116031559,0.315557221
13,Netherlands,6/5/2004,10,0.88,0.768926022,0.153785204,0,0.054923287,0.11974691
13,Netherlands,6/5/2004,11,0.88,0.360880348,0.180440174,0.027066026,0.126308122,0.208038555
13,Netherlands,6/5/2004,12,0,1.392233527,0,0,0,0.007734631
13,Netherlands,6/5/2004,13,0,0,1.006247067,0,0,0.174805262
13,Netherlands,6/5/2004,14,0,0,0,0.357983372,0,0.34679
13,Netherlands,6/5/2004,15,0,0,0,0,0.147195789,0.442963029
13,Netherlands,6/5/2004,16,0.64,1.298598919,0,0,0.027629764,0.04760022
13,Netherlands,6/5/2004,17,0.64,0.334597203,0.49205471,0.009841094,0.009841094,0.141106598
13,Netherlands,6/5/2004,18,0.64,0.562868635,0.045029491,0.022514745,0.056286863,0.439601889
13,Netherlands,6/5/2004,19,0.64,0.322023913,0.092006832,0.046003416,0,0.457824583
13,Netherlands,6/5/2004,20,1,0.377092833,0.13575342,0,0.030167427,0.208113985
13,Netherlands,6/5/2004,21,0.88,0.925831984,0.092583198,0,0,0.307910864
13,Netherlands,6/5/2004,22,0.88,0.590974902,0.05909749,0.009849582,0.039398327,0.27974611
13,Netherlands,6/5/2004,23,0.88,0.780321079,0,0,0.018300387,0.112248568
13,Netherlands,6/5/2004,24,0.88,0.545887976,0.018823723,0.018823723,0,0.357820326
13,Netherlands,6/5/2004,25,0.88,0.93059693,0.26366913,0,0.077549744,0.28293439
13,Netherlands,6/5/2004,26,0.88,0.448284504,0,0,0.036327003,0.426523121
13,Netherlands,6/5/2004,27,0,1.429060274,0,0,0,0.012982378
13,Netherlands,6/5/2004,28,0,0,0.1155228,0,0,0.56136399
13,Netherlands,6/5/2004,29,0,0,0,0.04791712,0,0.636139334
13,Netherlands,6/5/2004,30,0,0,0,0,0,0.110884947
14,Norway,4/6/2004,1,0.64,1.168428421,0.483704239,3.672801884,0.523489436,0
14,Norway,4/6/2004,2,0.64,0.281873145,1.585941431,3.092504793,0.544306763,0
14,Norway,4/6/2004,3,0.64,1.032266293,0.984914628,6.468237412,0.028410999,0
14,Norway,4/6/2004,4,0.64,2.977558202,0.873044398,2.548434684,0.87468855,0
14,Norway,4/6/2004,5,1,1.306915245,0.595962197,3.74825946,0.628026954,0
14,Norway,4/6/2004,6,0.88,1.491708752,0.274321555,3.03118494,0.528171352,0
14,Norway,4/6/2004,7,0.88,1.044216796,0.127695151,5.865738532,0.152410341,0
14,Norway,4/6/2004,8,0.88,2.272807524,0.705107216,3.223091615,1.186512904,0
14,Norway,4/6/2004,9,0.88,1.014539075,1.642587074,4.310158929,0.154074145,0
14,Norway,4/6/2004,10,0.88,0.669012931,0.666282266,2.389331897,1.148244643,0
14,Norway,4/6/2004,11,0.88,1.55570981,1.019341841,5.227767441,0.410163741,0
14,Norway,4/6/2004,12,0,2.815052509,0,0,0,0
14,Norway,4/6/2004,13,0,0,2.63886925,0,0,0.025468539
14,Norway,4/6/2004,14,0,0,0,7.820376432,0,0
14,Norway,4/6/2004,15,0,0,0,0,3.780202718,0.047797282
14,Norway,4/6/2004,16,0.64,0.729088383,0.428951293,1.852348224,0.716206963,0
14,Norway,4/6/2004,17,0.64,0.451010318,0.697015945,3.960317871,0.417464096,0
14,Norway,4/6/2004,18,0.64,1.444109136,0.326236345,7.218264306,0.077566683,0
14,Norway,4/6/2004,19,0.64,2.255904049,0.823560507,1.515292083,1.897447857,0
14,Norway,4/6/2004,20,1,1.210244363,1.547876386,4.755380601,0.411340422,0
14,Norway,4/6/2004,21,0.88,1.633486641,0.378908073,2.834840664,0.530978202,0
14,Norway,4/6/2004,22,0.88,1.163277062,0.253559559,5.820256448,0.280657527,0
14,Norway,4/6/2004,23,0.88,1.573171539,0.300540017,1.908947282,2.047817497,0
14,Norway,4/6/2004,24,0.88,1.301457481,2.031246723,3.320541051,0.170284156,0
14,Norway,4/6/2004,25,0.88,0.598309222,0.88947454,3.217021691,1.090094547,0
14,Norway,4/6/2004,26,0.88,1.202414629,0.940872464,4.169389709,0.691218579,0
14,Norway,4/6/2004,27,0,1.908390279,0,0,0,0.06399
14,Norway,4/6/2004,28,0,0,2.506416377,0,0,0.06907
14,Norway,4/6/2004,29,0,0,0,6.931712963,0,0
14,Norway,4/6/2004,30,0,0,0,0,3.385887487,0.093424577
15,Norway,2/7/2004,1,0.64,6.175764586,0.086469483,0.360801598,0.280916086,0.492042083
15,Norway,2/7/2004,2,0.64,2.612429075,0.783222527,0.849488123,0.018867288,0.494691079
15,Norway,2/7/2004,3,0.64,4.156975039,0.367053947,3.097388888,0.088496825,1.009101385
15,Norway,2/7/2004,4,0.64,4.986317449,0.645132399,0.728531868,0.097520014,0.522018898
15,Norway,2/7/2004,5,1,4.803564789,0.131632256,1.258404368,0.061968416,0.792628692
15,Norway,2/7/2004,6,0.88,5.736971517,0.234255843,0.993520368,0.022506934,0.591151509
15,Norway,2/7/2004,7,0.88,4.653223634,0.021280913,1.56262704,0.109444695,0.506485729
15,Norway,2/7/2004,8,0.88,7.300477332,0.130721749,0.641422819,0.120751446,0.397704304
15,Norway,2/7/2004,9,0.88,4.213035749,0.740998641,2.667223368,0.009913025,0.710640001
15,Norway,2/7/2004,10,0.88,3.545976988,1.01642874,1.009373474,0.015521587,1.094977375
15,Norway,2/7/2004,11,0.88,6.294848246,0.308130576,0.188548073,0.148370883,0.755457715
15,Norway,2/7/2004,12,0,6.619047811,0,0,0,0.501306354
15,Norway,2/7/2004,13,0,0,1.378687814,0,0,0.72724688
15,Norway,2/7/2004,14,0,0,0,6.577913558,0,0.654173142
15,Norway,2/7/2004,15,0,0,0,0,1.073076592,2.689365345
15,Norway,2/7/2004,16,0.64,6.271994331,0.020481839,0.089892517,0.211645672,0.795947031
15,Norway,2/7/2004,17,0.64,3.235253225,1.326157219,0.7917016,0.596057761,0.390717288
15,Norway,2/7/2004,18,0.64,4.358591899,0.213507345,3.238664189,0.216324065,0.404480934
15,Norway,2/7/2004,19,0.64,5.165393231,0.443491694,0.201317552,0.550904987,0.797362481
15,Norway,2/7/2004,20,1,6.022689679,0.523652701,0.752665305,0.041017183,0.468279504
15,Norway,2/7/2004,21,0.88,4.89810115,0.217850273,0.439734809,0.024709869,0.869383958
15,Norway,2/7/2004,22,0.88,5.296776745,0.033828933,1.290596958,0.070901736,0.513921733
15,Norway,2/7/2004,23,0.88,6.019658138,0.126559174,0.148152208,0.968087708,0.908706863
15,Norway,2/7/2004,24,0.88,4.014094427,1.70213831,1.100088882,0.182556923,0.567091719
15,Norway,2/7/2004,25,0.88,2.961290323,1.244164223,1.46797654,0.02111437,0.639765396
15,Norway,2/7/2004,26,0.88,3.761079608,1.225421211,1.74449498,0.027141112,0.946546284
15,Norway,2/7/2004,27,0,5.831662059,0,0,0,0.320390108
15,Norway,2/7/2004,28,0,0,2.918947549,0,0,1.116694038
15,Norway,2/7/2004,29,0,0,0,3.64624265,0,2.577304295
15,Norway,2/7/2004,30,0,0,0,0,1.51569247,2.029037123
16,Norway,13/06/2003,1,0.64,3.862,0.047,1.533,0.158,0.252
16,Norway,13/06/2003,2,0.64,1.833,1.337,1.685,0.058,0.37
16,Norway,13/06/2003,3,0.64,2.455,0.164,2.334,0.077,0.437
16,Norway,13/06/2003,4,0.64,2.639,0.226,0.78,0.895,0.074
16,Norway,13/06/2003,5,1,2.83,0.103,2.721,0.396,0.037
16,Norway,13/06/2003,6,0.88,2.952,0.13,1.93,0.196,0.228
16,Norway,13/06/2003,7,0.88,2.577,0.117,2.577,0.095,0.2
16,Norway,13/06/2003,8,0.88,5.458,0.03,0.048,0.232,0.191
16,Norway,13/06/2003,9,0.88,1.406,0.683,3.466,0.152,0.128
16,Norway,13/06/2003,10,0.88,2.001,0.094,0.652,1.003,0.326
16,Norway,13/06/2003,11,0.88,1.525,0.154,2.832,0.672,0.111
16,Norway,13/06/2003,12,0,4.97,0,0,0,0.175
16,Norway,13/06/2003,13,0,0,1.978,0,0,0.839
16,Norway,13/06/2003,14,0,0,0,5.778,0,0.029
16,Norway,13/06/2003,15,0,0,0,0,1.179,2.087
16,Norway,13/06/2003,16,0.64,5.265,0.045,0.712,0.097,0.356
16,Norway,13/06/2003,17,0.64,1.688,1.133,0.533,0.18,0.218
16,Norway,13/06/2003,18,0.64,1.934,0.061,3.887,0.098,0.122
16,Norway,13/06/2003,19,0.64,2.427,0,0,2.294,0
16,Norway,13/06/2003,20,1,0,0.287,2.842,0.594,0.99
16,Norway,13/06/2003,21,0.88,2.875,0.257,0.668,0.374,0.5
16,Norway,13/06/2003,22,0.88,2.729,0,3.053,0,0
16,Norway,13/06/2003,23,0.88,2.65,0.031,0.935,0.697,0.097
16,Norway,13/06/2003,24,0.88,2.576,0,3.292,0,0
16,Norway,13/06/2003,25,0.88,3.321,1.002,0.446,0.354,0.321
16,Norway,13/06/2003,26,0.88,2.013,0.333,1.93,0.666,0.26
16,Norway,13/06/2003,27,0,5.44,0,0,0,0.088
16,Norway,13/06/2003,28,0,0,3.939,0,0,0
16,Norway,13/06/2003,29,0,0,0,4.507,0,0.71
16,Norway,13/06/2003,30,0,0,0,0,1.954,1.409
17,Norway,30/06/2004,1,0.64,6.878087562,0.050641876,0.271624609,0.193359891,0.377512169
17,Norway,30/06/2004,2,0.64,3.526854589,1.58356553,0.172041687,0.297162914,0.351903451
17,Norway,30/06/2004,3,0.64,4.968207925,0.610977026,0.980778911,0.123267295,0.69136874
17,Norway,30/06/2004,4,0.64,5.044071943,0.321356196,0.170847598,0.91525499,0.378305396
17,Norway,30/06/2004,5,1,5.282218785,0.617489362,0.342303886,0.604065681,0.335592045
17,Norway,30/06/2004,6,0.88,6.024878915,0.43779397,0.592064226,0.304371046,0.208473319
17,Norway,30/06/2004,7,0.88,5.623160943,0.21801575,0.600571688,0.106951123,0.271491311
17,Norway,30/06/2004,8,0.88,5.859455391,0.177377049,0.147313142,0.297632675,0.297632675
17,Norway,30/06/2004,9,0.88,4.39161218,0.899360099,0.762615289,0.389196768,1.183368551
17,Norway,30/06/2004,10,0.88,4.653138665,0.560289825,0.061495225,0.457797784,0.334807334
17,Norway,30/06/2004,11,0.88,4.139061727,0.284797825,0.51643339,0.444284607,0.949326084
17,Norway,30/06/2004,12,0,8.199812512,0,0,0,0.22582103
17,Norway,30/06/2004,13,0,0,3.682277074,0,0,1.25440208
17,Norway,30/06/2004,14,0,0,0,4.205776468,0,0.928922449
17,Norway,30/06/2004,15,0,0,0,0,2.991218084,1.207836029
17,Norway,30/06/2004,16,0.64,7.465150537,0.077965019,0.101354524,0.054575513,0.2066073
17,Norway,30/06/2004,17,0.64,4.277162468,1.385355001,0.702365298,0.334229004,0.678145805
17,Norway,30/06/2004,18,0.64,4.095747494,0.240926323,1.116674387,0.122375275,0.715130515
17,Norway,30/06/2004,19,0.64,4.558743204,0.102021344,0.096651799,0.923561639,1.132973871
17,Norway,30/06/2004,20,1,5.759808754,0.783879298,0.740059958,0.462537474,0.540438522
17,Norway,30/06/2004,21,0.88,5.91521431,0.602574574,0,0.103400371,0.531263974
17,Norway,30/06/2004,22,0.88,6.917881224,0.202009755,0.251559317,0.114345144,0.461192082
17,Norway,30/06/2004,23,0.88,5.665760248,0.197034955,0.15682374,0.800203186,0.558935894
17,Norway,30/06/2004,24,0.88,3.432789574,0.850985651,1.197149305,0.177889656,0.264430569
17,Norway,30/06/2004,25,0.88,3.640049962,1.042798784,1.003815652,0.769916859,0.657840355
17,Norway,30/06/2004,26,0.88,4.221285808,0.310813852,0.534888955,0.654154736,0.24575979
17,Norway,30/06/2004,27,0,7.567161955,0,0,0,0.34479778
17,Norway,30/06/2004,28,0,0,2.437027693,0,0,1.925212507
17,Norway,30/06/2004,29,0,0,0,4.832602586,0,1.424157852
17,Norway,30/06/2004,30,0,0,0,0,2.767937396,0.838220693
18,Poland,20/05/2004,1,0.64,4.530146232,0.153937008,0.19791901,0.043982002,0.659730034
18,Poland,20/05/2004,2,0.64,3.549102564,0.906153846,0.302051282,0.125854701,1.006837607
18,Poland,20/05/2004,3,0.64,1.874474448,0.182470964,1.260708479,0.132706156,1.990592334
18,Poland,20/05/2004,4,0.64,1.752380952,0.105142857,0.140190476,0.455619048,1.927619048
18,Poland,20/05/2004,5,1,2.847113951,0.043578275,0.377678381,0.203365282,1.074930777
18,Poland,20/05/2004,6,0.88,3.210330912,0.184665053,0.085230024,0.028410008,0.681840194
18,Poland,20/05/2004,7,0.88,3.106598985,0.091370558,0.274111675,0.045685279,0.982233503
18,Poland,20/05/2004,8,0.88,2.855026455,0.037566138,0.300529101,0.450793651,1.427513228
18,Poland,20/05/2004,9,0.88,1.685075188,0.352105263,0.880263158,0.150902256,1.710225564
18,Poland,20/05/2004,10,0.88,2.245833333,0.7,0.233333333,0.2625,1.458333333
18,Poland,20/05/2004,11,0.88,1.658503401,0.290238095,0.829251701,0.373163265,2.073129252
18,Poland,20/05/2004,12,0,4.313644214,0,0,0,0.889689119
18,Poland,20/05/2004,13,0,0,3.223490814,0,0,2.093175853
18,Poland,20/05/2004,14,0,0,0,2.578383459,0,1.978759398
18,Poland,20/05/2004,15,0,0,0,0,1.44992785,2.138643579
18,Poland,20/05/2004,16,0.64,2.979540105,0.031866739,0.01593337,0.01593337,1.147202607
18,Poland,20/05/2004,17,0.64,2.887896825,0.493055556,0.264136905,0.105654762,1.320684524
18,Poland,20/05/2004,18,0.64,3.581373239,0.132032193,0.313576459,0.082520121,0.577640845
18,Poland,20/05/2004,19,0.64,3.272329284,0.199329703,0.215940511,0.448491831,1.528194386
18,Poland,20/05/2004,20,1,2.097703081,0.09535014,0.42907563,0.23837535,1.191876751
18,Poland,20/05/2004,21,0.88,3.824940048,0.191247002,0.229496403,0.0382494,1.032733813
18,Poland,20/05/2004,22,0.88,4.847940741,0.026637037,0.213096296,0.026637037,0.879022222
18,Poland,20/05/2004,23,0.88,3.485714286,0.071428571,0.114285714,0.128571429,1.3
18,Poland,20/05/2004,24,0.88,1.737142857,0.738285714,0.390857143,0.130285714,1.346285714
18,Poland,20/05/2004,25,0.88,2.658248848,0.419723502,0.209861751,0.314792627,1.818801843
18,Poland,20/05/2004,26,0.88,3.687337954,0.177121037,0.370343987,0.161019125,1.577987421
18,Poland,20/05/2004,27,0,4.81492192,0,0,0,0.542220937
18,Poland,20/05/2004,28,0,0,2.717942857,0,0,1.914914286
18,Poland,20/05/2004,29,0,0,0,2.447375739,0,2.083576642
18,Poland,20/05/2004,30,0,0,0,0,1.648584299,1.93951094
19,Poland,25/05/2005,1,0.64,4.686202686,0.139194139,0.278388278,0.046398046,0.278388278
19,Poland,25/05/2005,2,0.64,0.937414966,4.506802721,0.144217687,0.036054422,0.180272109
19,Poland,25/05/2005,3,0.64,2.401403509,0.496842105,3.146666667,0.082807018,0.165614035
19,Poland,25/05/2005,4,0.64,3.752857143,1.268571429,0.634285714,0.158571429,0.211428571
19,Poland,25/05/2005,5,1,3.321818182,1.345909091,0.286363636,0.057272727,0.028636364
19,Poland,25/05/2005,6,0.88,3.303686636,3.377101895,0.073415259,0.036707629,0.036707629
19,Poland,25/05/2005,7,0.88,4.154652854,1.137062886,0.349865504,0.043733188,0.043733188
19,Poland,25/05/2005,8,0.88,4.821349693,1.033146363,0.03826468,0.11479404,0.229588081
19,Poland,25/05/2005,9,0.88,0.205596784,5.756709957,0.164477427,0.041119357,0.164477427
19,Poland,25/05/2005,10,0.88,0.109199009,6.0059455,0.03639967,0.109199009,0.03639967
19,Poland,25/05/2005,11,0.88,1.7225,1.64047619,1.312380952,0.328095238,0.246071429
19,Poland,25/05/2005,12,0,3.955572998,0,0,0,0.043950811
19,Poland,25/05/2005,13,0,0,6.434249944,0,0,0.060988151
19,Poland,25/05/2005,14,0,0,0,3.422666667,0,0.244476191
19,Poland,25/05/2005,15,0,0,0,0,2.416861827,1.011709602
19,Poland,25/05/2005,16,0.64,5.655294118,0.245882353,0.040980392,0.040980392,0.286862745
19,Poland,25/05/2005,17,0.64,0.91091987,4.326869382,0.296048958,0.022772997,0.113864984
19,Poland,25/05/2005,18,0.64,3.147692308,0.744615385,2.301538462,0.067692308,0.338461539
19,Poland,25/05/2005,19,0.64,3.634207077,1.845058978,0.111821756,0.167732634,0.335465269
19,Poland,25/05/2005,20,1,4.230089286,0.967901786,0.430178571,0.035848214,0.071696429
19,Poland,25/05/2005,21,0.88,5.74,1.726666667,0.14,0.046666667,0.046666667
19,Poland,25/05/2005,22,0.88,5.916509248,0.585792995,0.410055096,0.058579299,0.117158599
19,Poland,25/05/2005,23,0.88,5.077786088,0.917277487,0.098279731,0.098279731,0.06551982
19,Poland,25/05/2005,24,0.88,0.84328603,4.083279722,1.420271208,0.044383475,0.310684327
19,Poland,25/05/2005,25,0.88,0.411593407,5.201043956,0.037417582,0.112252747,0.074835165
19,Poland,25/05/2005,26,0.88,2.617487091,1.607228916,2.801170396,0.183683305,0.413287436
19,Poland,25/05/2005,27,0,5.068667872,0,0,0,0.032284509
19,Poland,25/05/2005,28,0,0,4.207633588,0,0,0.032366412
19,Poland,25/05/2005,29,0,0,0,3.370493992,0,0.272363151
19,Poland,25/05/2005,30,0,0,0,0,1.090225564,0.566917293
20,Spain,27/01/2004,1,0.64,2.379464203,0,0,0,0.355643516
20,Spain,27/01/2004,2,0.64,0.667935884,0.112327426,0,0,0.035321055
20,Spain,27/01/2004,3,0.64,0.807393949,0.009149253,0,0,0.194537155
20,Spain,27/01/2004,4,0.64,1.555155937,0,0,0,0
20,Spain,27/01/2004,5,1,1.093562442,0.03732199,0,0,0
20,Spain,27/01/2004,6,0.88,0.789375827,0.012411595,0,0.041128306,0.039027923
20,Spain,27/01/2004,7,0.88,0.528144251,0,0,0.023751979,0.024148916
20,Spain,27/01/2004,8,0.88,1.671984334,0,0,0,0
20,Spain,27/01/2004,9,0.88,0.991942058,0.137027312,0,0.04324452,0.008793442
20,Spain,27/01/2004,10,0.88,0.569844839,0.163104974,0,0,0.015841828
20,Spain,27/01/2004,11,0.88,0.925959748,0.038929887,0,0,0.041970506
20,Spain,27/01/2004,12,0,0.763531873,0,0,0,0.089247259
20,Spain,27/01/2004,13,0,0,0.24330509,0,0,0.10929518
20,Spain,27/01/2004,14,0,0,0,0.000701754,0,0.008124561
20,Spain,27/01/2004,15,0,0,0,0,0,0.05687193
20,Spain,27/01/2004,16,0.64,1.251008903,0,0,0,0.004472525
20,Spain,27/01/2004,17,0.64,1.333909003,0.03524228,0,0,0.082322235
20,Spain,27/01/2004,18,0.64,0.895085583,0.070368505,0,0.023318014,0.132763114
20,Spain,27/01/2004,19,0.64,0.661279164,0.039149741,0.016709236,0,0.128967455
20,Spain,27/01/2004,20,1,1.170236102,0.026013759,0,0,0.023371303
20,Spain,27/01/2004,21,0.88,1.038828554,0,0,0.037233895,0.048455857
20,Spain,27/01/2004,22,0.88,1.020802316,0,0,0,0.005096724
20,Spain,27/01/2004,23,0.88,0.893521277,0,0,0.023979089,0.054610801
20,Spain,27/01/2004,24,0.88,1.161277989,0,0,0.02055842,0.094755674
20,Spain,27/01/2004,25,0.88,0.877925614,0.153087399,0,0,0.006251678
20,Spain,27/01/2004,26,0.88,0.667292204,0,0,0.203638019,0.006370497
20,Spain,27/01/2004,27,0,0.636783351,0,0,0,0.04067724
20,Spain,27/01/2004,28,0,0,0.649132188,0,0,0.034019643
20,Spain,27/01/2004,29,0,0,0,0.000701754,0,0.008124561
20,Spain,27/01/2004,30,0,0,0,0,0.012712982,0.01255614
21,Spain,3/6/2004,1,0.64,3.061984618,0,2.058969783,0.18574885,0.61506082
21,Spain,3/6/2004,2,0.64,0.346993594,0.435133678,2.803540716,0.424570262,0.41584936
21,Spain,3/6/2004,3,0.64,0.163536711,0.034220493,0.278710786,0.021475105,0.178028042
21,Spain,3/6/2004,4,0.64,1.027293717,0.499554372,0.734260587,1.182060766,1.425246368
21,Spain,3/6/2004,5,1,1.356743035,0.297432602,7.728930034,0.408517409,0.389325316
21,Spain,3/6/2004,6,0.88,1.174740755,0.205690457,2.355758425,0.593780798,0.505904525
21,Spain,3/6/2004,7,0.88,1.762384148,0,6.049837093,0.085404792,0.888474653
21,Spain,3/6/2004,8,0.88,1.61629907,0.023233705,1.473437057,0.801718828,0.362566918
21,Spain,3/6/2004,9,0.88,0.09865643,0,3.806432103,0.181142107,0.301903511
21,Spain,3/6/2004,10,0.88,0.226550103,0,2.14700927,0.742516855,0.324707037
21,Spain,3/6/2004,11,0.88,1.544575319,0.123139936,2.42645626,0.378739271,0.547909478
21,Spain,3/6/2004,12,0,2.41741264,0,0,0,2.431358546
21,Spain,3/6/2004,13,0,0,2.862316347,0,0,2.141261449
21,Spain,3/6/2004,14,0,0,0,5.078041718,0,1.171591492
21,Spain,3/6/2004,15,0,0,0,0,1.930581049,0.576290065
21,Spain,3/6/2004,16,0.64,2.050113895,0,1.811510249,0.901695219,0.436845885
21,Spain,3/6/2004,17,0.64,0.402059996,0.005317201,3.440940587,0.276922915,0.046678347
21,Spain,3/6/2004,18,0.64,0.744120019,0.142039712,2.098235243,0.081986919,0.414658749
21,Spain,3/6/2004,19,0.64,0.191498821,0.568383042,0.720692438,1.595031439,0.955992734
21,Spain,3/6/2004,20,1,0.348312917,0.117190662,1.774547726,0.871173966,0.367729025
21,Spain,3/6/2004,21,0.88,0.81456817,0.354276766,2.911204302,0.220821236,0.218648497
21,Spain,3/6/2004,22,0.88,1.242843486,0.059466996,2.083740746,0.050900705,1.307587445
21,Spain,3/6/2004,23,0.88,0.759614095,0,0.263821833,2.488768189,0.678393013
21,Spain,3/6/2004,24,0.88,0.336378856,0.024766663,2.380119624,0.074060499,0.206115168
21,Spain,3/6/2004,25,0.88,0.072108963,0.302197823,0.229377236,1.010940919,0.149329073
21,Spain,3/6/2004,26,0.88,1.054476265,0,1.832117407,0.415769995,0.580964543
21,Spain,3/6/2004,27,0,1.674312941,0,0,0,1.32158584
21,Spain,3/6/2004,28,0,0,0,0,0,1.237643508
21,Spain,3/6/2004,29,0,0,0,4.137867688,0,0.448367797
21,Spain,3/6/2004,30,0,0,0,0,1.820120223,0.704991495
22,Sweden,10/6/2003,1,0.64,3.020098694,0.363050173,0.554549166,0.039895623,0.011968687
22,Sweden,10/6/2003,2,0.64,1.586775433,4.13759179,0.149695796,0.041914823,0.06586615
22,Sweden,10/6/2003,3,0.64,2.291011707,1.291533512,2.77128045,0.129802363,0.006490118
22,Sweden,10/6/2003,4,0.64,2.724772459,1.067202547,0.522248055,0.891227659,0.471158571
22,Sweden,10/6/2003,5,1,2.445225868,1.409433866,0.685798358,0.156078247,0.037837151
22,Sweden,10/6/2003,6,0.88,2.776295894,1.53530144,0.500321875,0.078481863,0.019620466
22,Sweden,10/6/2003,7,0.88,3.809092393,0.61396555,1.735392423,0.106504228,0
22,Sweden,10/6/2003,8,0.88,4.09705434,1.073913705,0.470756693,1.677070717,0.036777867
22,Sweden,10/6/2003,9,0.88,3.024162294,1.62483672,1.058167686,0.075170382,0
22,Sweden,10/6/2003,10,0.88,2.077397284,2.297417193,0.317238009,0.409339366,0.020466968
22,Sweden,10/6/2003,11,0.88,2.409260149,0.676195676,1.372426779,0.545965398,0.010017714
22,Sweden,10/6/2003,12,0,3.600436967,0,0,0,0.084759519
22,Sweden,10/6/2003,13,0,0,4.787361893,0,0,0
22,Sweden,10/6/2003,14,0,0,0,4.377817021,0,0.030860744
22,Sweden,10/6/2003,15,0,0,0,0,2.550396166,0.312001327
22,Sweden,10/6/2003,16,0.64,4.254357155,0.186896615,0.334446574,0.122958299,0.019673328
22,Sweden,10/6/2003,17,0.64,0.52569808,3.482749779,0.884588115,0.116260152,0.050547892
22,Sweden,10/6/2003,18,0.64,0.769282937,1.383676692,2.922242565,0.067118645,0.020651891
22,Sweden,10/6/2003,19,0.64,2.227855724,1.192231181,0.399094336,1.166972046,0.065673752
22,Sweden,10/6/2003,20,1,1.975229714,2.624152444,0.899384135,0.136615312,0.056923047
22,Sweden,10/6/2003,21,0.88,3.172682504,2.4446229,0.254524902,0.023676735,0.023676735
22,Sweden,10/6/2003,22,0.88,3.124024668,1.216099568,0.972879655,0.075668418,0.010809774
22,Sweden,10/6/2003,23,0.88,2.753623544,0.667684639,0.488100494,0.690708247,0.004604722
22,Sweden,10/6/2003,24,0.88,1.149238124,2.643787234,1.516131047,0.059350326,0.021581937
22,Sweden,10/6/2003,25,0.88,0.73840306,3.295666601,1.009874774,0.336624925,0.043435474
22,Sweden,10/6/2003,26,0.88,1.275006236,1.374616098,1.648543219,0.353615011,0.333693038
22,Sweden,10/6/2003,27,0,4.970259276,0,0,0,0.0655
22,Sweden,10/6/2003,28,0,0,4.369727013,0,0,0.013148627
22,Sweden,10/6/2003,29,0,0,0,3.933374314,0,0.027727714
22,Sweden,10/6/2003,30,0,0,0,0,2.822106705,0.205904781
23,Sweden,26/05/2004,1,0.64,3.191739889,0.425345502,0.309941683,0.098917559,0.013189008
23,Sweden,26/05/2004,2,0.64,0.91452312,3.001700885,1.032526103,0.081127051,0.007375186
23,Sweden,26/05/2004,3,0.64,1.3464,2.7735,1.0554,0.0701,0.0175
23,Sweden,26/05/2004,4,0.64,1.131363963,2.389478246,0.361473133,0.938891256,0.084500213
23,Sweden,26/05/2004,5,1,1.074667967,3.706056611,0.2299701,0.172477575,0.079605035
23,Sweden,26/05/2004,6,0.88,1.07824618,2.708658751,0.108694171,0.199997275,0
23,Sweden,26/05/2004,7,0.88,1.854931793,1.440115822,1.980159255,0.101747314,0
23,Sweden,26/05/2004,8,0.88,1.745763794,0.881610716,0.432076539,0.497542681,0
23,Sweden,26/05/2004,9,0.88,0.44034538,2.791112253,2.181403266,0.230334506,0
23,Sweden,26/05/2004,10,0.88,1.330985026,2.802936446,0,0.2229236,0.019669729
23,Sweden,26/05/2004,11,0.88,0.345688185,2.602538196,1.743256135,0.725945189,0
23,Sweden,26/05/2004,12,0,1.478534944,0,0,0,0.014436468
23,Sweden,26/05/2004,13,0,0,3.944999131,0,0,0
23,Sweden,26/05/2004,14,0,0,0,5.377065008,0,0.00578179
23,Sweden,26/05/2004,15,0,0,0,0,3.496922073,0
23,Sweden,26/05/2004,16,0.64,1.424414095,0.572753919,1.018505883,0.570263685,0
23,Sweden,26/05/2004,17,0.64,0.567259158,3.982756405,0.197047918,0.041798043,0.011942298
23,Sweden,26/05/2004,18,0.64,0.628150372,2.678528001,1.639511977,0.071111363,0.011851894
23,Sweden,26/05/2004,19,0.64,0.791730971,1.97238242,1.395946713,1.027861261,0
23,Sweden,26/05/2004,20,1,1.318293431,1.982286814,1.25528676,0.416813364,0
23,Sweden,26/05/2004,21,0.88,2.133986818,1.754463421,0.39616916,0.336244413,0
23,Sweden,26/05/2004,22,0.88,1.276835166,1.532202199,2.244854385,0.207856888,0.011877536
23,Sweden,26/05/2004,23,0.88,2.744977223,0.380806089,0.983749063,0.729878337,0.00793346
23,Sweden,26/05/2004,24,0.88,0.822560833,2.885389173,1.754368027,0.089967591,0
23,Sweden,26/05/2004,25,0.88,0.350521499,3.443358256,0.666678145,0.60482141,0
23,Sweden,26/05/2004,26,0.88,1.309541765,2.094087057,1.221059214,0.631175536,0
23,Sweden,26/05/2004,27,0,2.806013915,0,0,0,0
23,Sweden,26/05/2004,28,0,0,3.965856363,0,0,0
23,Sweden,26/05/2004,29,0,0,0,4.858722125,0,0.023840638
23,Sweden,26/05/2004,30,0,0,0,0,2.763080508,0.217447313
24,Sweden,2/7/2004,1,0.64,3.6217499,0.038666369,0.546484682,0.059288433,0.17528754
24,Sweden,2/7/2004,2,0.64,2.266066722,0.602171576,1.632201905,0.289200823,0
24,Sweden,2/7/2004,3,0.64,1.161642334,0.139796499,4.413575172,0,0.076555225
24,Sweden,2/7/2004,4,0.64,1.941874474,0.184760872,1.59120588,1.398903748,0.079183231
24,Sweden,2/7/2004,5,1,2.480044353,0.162782834,2.20235599,0.073411866,0.2361947
24,Sweden,2/7/2004,6,0.88,2.758880156,0.276198351,1.349958231,0.170684374,0.02793017
24,Sweden,2/7/2004,7,0.88,2.766861475,0.106417749,2.458616961,0.040365353,0
24,Sweden,2/7/2004,8,0.88,2.69965126,0.079776929,1.340252399,0.366973871,0.041484003
24,Sweden,2/7/2004,9,0.88,1.68027936,0.381094288,2.924032536,0.034644935,0.228656573
24,Sweden,2/7/2004,10,0.88,1.55876136,0.598529915,2.381201746,0.84827621,0
24,Sweden,2/7/2004,11,0.88,1.564127419,0.074482258,4.02558871,0.053201613,0
24,Sweden,2/7/2004,12,0,5.03147131,0,0,0,0.096036382
24,Sweden,2/7/2004,13,0,0,1.881155416,0,0,0.528690738
24,Sweden,2/7/2004,14,0,0,0,5.148163893,0,0.099928415
24,Sweden,2/7/2004,15,0,0,0,0,2.920869822,0.122596845
24,Sweden,2/7/2004,16,0.64,3.768386701,0.047378169,1.09334237,0.043733695,0.010933424
24,Sweden,2/7/2004,17,0.64,0.673656892,0.621601587,1.772942456,0.202097068,0.055117382
24,Sweden,2/7/2004,18,0.64,1.309731622,0.154435475,3.629233655,0.014849565,0.115826606
24,Sweden,2/7/2004,19,0.64,2.389680752,0.115750161,1.754921802,0.395790875,0
24,Sweden,2/7/2004,20,1,2.569551074,0.268559532,2.118636304,0.099466493,0.039786597
24,Sweden,2/7/2004,21,0.88,2.988348556,0.221968118,2.010044627,0.036994686,0.086320935
24,Sweden,2/7/2004,22,0.88,2.828665329,0.178577357,2.671517255,0.078574037,0.157148074
24,Sweden,2/7/2004,23,0.88,3.654325008,0.083368631,1.194950383,0.392527306,0.024315851
24,Sweden,2/7/2004,24,0.88,0.451484782,0.316368898,3.137324906,0,0.97217526
24,Sweden,2/7/2004,25,0.88,1.880578393,0.67261563,1.595059922,0.118050906,0.043925919
24,Sweden,2/7/2004,26,0.88,1.311597201,0.257472892,1.775048406,0.187803756,0.70274954
24,Sweden,2/7/2004,27,0,4.800045638,0,0,0,0.201400516
24,Sweden,2/7/2004,28,0,0,2.548179504,0,0,0.161220496
24,Sweden,2/7/2004,29,0,0,0,5.259527875,0,0.214918279
24,Sweden,2/7/2004,30,0,0,0,0,2.420457431,0.719809236
25,Switzerland,27/05/2003,1,0.64,5.626014298,0.07797248,0.239915322,0.281900503,0.05997883
25,Switzerland,27/05/2003,2,0.64,3.205092049,0.644849197,0.919388954,0.446925186,0.146846847
25,Switzerland,27/05/2003,3,0.64,4.352723551,0.341836928,2.643538911,0.216496721,0.216496721
25,Switzerland,27/05/2003,4,0.64,5.468093265,0.364539551,0.478458161,2.164453584,0.182269776
25,Switzerland,27/05/2003,5,1,3.461976352,0.297165352,1.129228338,0.594330704,0.141153542
25,Switzerland,27/05/2003,6,0.88,4.786304574,0.497954047,0.364175348,0.386471798,0.148642999
25,Switzerland,27/05/2003,7,0.88,4.919536254,0.140307629,1.315384025,0.341999847,0.131538403
25,Switzerland,27/05/2003,8,0.88,5.135761626,0.092309441,0.28532009,0.327278927,0.058742372
25,Switzerland,27/05/2003,9,0.88,3.246256518,1.103302869,2.142953649,0.29704308,0.22278231
25,Switzerland,27/05/2003,10,0.88,2.939040653,1.186112835,0.682277294,1.31207172,0.41986295
25,Switzerland,27/05/2003,11,0.88,4.043097151,0.485171658,0.79963477,0.997297297,0.323447772
25,Switzerland,27/05/2003,12,0,4.322640856,0,0,0,0.050214608
25,Switzerland,27/05/2003,13,0,0,2.124709535,0,0,0.805255212
25,Switzerland,27/05/2003,14,0,0,0,4.837741263,0,0.216077773
25,Switzerland,27/05/2003,15,0,0,0,0,2.177607564,1.30018327
25,Switzerland,27/05/2003,16,0.64,5.197521632,0.05775024,0.478501992,0.24750103,0.371251545
25,Switzerland,27/05/2003,17,0.64,2.43556701,1.133672332,1.031276121,0.555865144,0.519295068
25,Switzerland,27/05/2003,18,0.64,3.530933862,0.383316411,2.742186632,0.228515553,0.272744369
25,Switzerland,27/05/2003,19,0.64,2.864236329,0.259441697,0.8717241,1.691559861,0.560394064
25,Switzerland,27/05/2003,20,1,4.210996113,0.433607521,0.733797343,0.358560065,0.333544247
25,Switzerland,27/05/2003,21,0.88,4.136029555,0.6043846,0.538848921,0.531567179,0.262142718
25,Switzerland,27/05/2003,22,0.88,5.115669263,0.156802123,1.097614861,0.186202521,0.196002654
25,Switzerland,27/05/2003,23,0.88,4.957848445,0.212639098,0.246213693,0.90651405,0.346937476
25,Switzerland,27/05/2003,24,0.88,3.533978486,0.922358021,2.103805375,0.113999306,0.590723677
25,Switzerland,27/05/2003,25,0.88,2.095047777,1.350422362,0.416485401,1.779528533,0.782487724
25,Switzerland,27/05/2003,26,0.88,3.459768139,0.441225492,1.260644261,0.644329289,0.294150328
25,Switzerland,27/05/2003,27,0,4.707718439,0,0,0,0.070659939
25,Switzerland,27/05/2003,28,0,0,1.88668527,0,0,0.68957795
25,Switzerland,27/05/2003,29,0,0,0,2.996344652,0,0.493667099
25,Switzerland,27/05/2003,30,0,0,0,0,2.300558239,0.977937648
26,Wales,19/05/2003,1,0.64,0.907895706,0.012174847,0.206972393,0.131604295,0.031886503
26,Wales,19/05/2003,2,0.64,1.071,0.03225,0.294,0.051,0.1665
26,Wales,19/05/2003,3,0.64,0.590969697,0.014070707,2.701575758,0.194175758,0.090052525
26,Wales,19/05/2003,4,0.64,0.954773737,0.269553535,0.205314141,0.550443434,0.172564647
26,Wales,19/05/2003,5,1,1.149341513,0.074347648,0.613063395,0.241325153,0.073128834
26,Wales,19/05/2003,6,0.88,1.304784431,0.074613772,0.017218563,0.029335329,0.124356287
26,Wales,19/05/2003,7,0.88,0.54774375,0.08780625,1.39514375,0.21185,0.0864125
26,Wales,19/05/2003,8,0.88,1.21284465,0.081748971,0.010570988,0.155745885,0.13460391
26,Wales,19/05/2003,9,0.88,0.9847,0.2021,2.021,0.17415,0.0559
26,Wales,19/05/2003,10,0.88,0.988141936,0.036870968,0.514964516,0.411725807,0.097093548
26,Wales,19/05/2003,11,0.88,0.706926407,0.00995671,2.372186147,0.136904762,0.291233766
26,Wales,19/05/2003,12,0,0.989529412,0,0,0,0.080676471
26,Wales,19/05/2003,13,0,0,0.847523148,0,0,0.186481482
26,Wales,19/05/2003,14,0,0,0,3.602344828,0,0.266965517
26,Wales,19/05/2003,15,0,0,0,0,1.9190625,0.694179398
26,Wales,19/05/2003,16,0.64,1.067832272,0,0.139685775,0.034921444,0.099853503
26,Wales,19/05/2003,17,0.64,0.27011758,0.074320776,0.427472603,0.055868721,0.064582192
26,Wales,19/05/2003,18,0.64,0.8814,0,1.671754286,0.106542857,0.323502857
26,Wales,19/05/2003,19,0.64,0.659557292,0.088802083,0.238151042,0.284166667,0.173567708
26,Wales,19/05/2003,20,1,0.771876582,0.065618143,1.376254219,0.21239557,0.246931435
26,Wales,19/05/2003,21,0.88,0.538870021,0.014291405,0.255984277,0.033626834,0.041613208
26,Wales,19/05/2003,22,0.88,0.575044872,0.225094017,0.714849359,0.046601496,0.057152778
26,Wales,19/05/2003,23,0.88,1.101565714,0.022885714,0.209785714,0.109088571,0.130448571
26,Wales,19/05/2003,24,0.88,0.723632114,0.235631098,0.757109756,0.160950203,0.225330285
26,Wales,19/05/2003,25,0.88,0.784197183,0.21828169,0.517408451,0.485070423,0.245230047
26,Wales,19/05/2003,26,0.88,1.281711538,0.10375,0.734230769,0.118115385,0.410211539
26,Wales,19/05/2003,27,0,0.843144086,0,0,0,0.054662366
26,Wales,19/05/2003,28,0,0,0.82384589,0,0,0.155287671
26,Wales,19/05/2003,29,0,0,0,3.307814815,0,0.246851852
26,Wales,19/05/2003,30,0,0,0,0,0.973625807,0.1536
27,Wales,25/05/2004,1,0.64,2.30104525,0.157865184,0.026272029,0.039320664,0.764160694
27,Wales,25/05/2004,2,0.64,0.957593388,1.060447958,0.004362253,0.013875118,0.876602641
27,Wales,25/05/2004,3,0.64,0.820027012,0.365148412,0.209560729,0.153304208,1.027875135
27,Wales,25/05/2004,4,0.64,0.934063035,0.509191022,0.05199042,0.296439922,1.219222611
27,Wales,25/05/2004,5,1,1.517646835,0.514125321,0.168969842,0.170022146,1.100859568
27,Wales,25/05/2004,6,0.88,2.001752476,0.857893918,0.063325144,0.03173961,1.129760624
27,Wales,25/05/2004,7,0.88,3.032782357,0.352021872,0.368390657,0.071241415,1.441755101
27,Wales,25/05/2004,8,0.88,1.937009722,0.246666974,0.015231057,0.235472147,1.218256124
27,Wales,25/05/2004,9,0.88,1.660315998,0.693149947,0.341406475,0.189606808,0.970135796
27,Wales,25/05/2004,10,0.88,1.111365853,0.833966672,0.084918117,0.549579437,1.742236695
27,Wales,25/05/2004,11,0.88,1.15756834,0.530917155,0.141515337,0.170193832,0.756903695
27,Wales,25/05/2004,12,0,2.91810139,0,0,0,1.072605992
27,Wales,25/05/2004,13,0,0,1.956179414,0,0,1.378239097
27,Wales,25/05/2004,14,0,0,0,0.069111547,0,0.467178775
27,Wales,25/05/2004,15,0,0,0,0,0.095356257,0.964497836
27,Wales,25/05/2004,16,0.64,2.245466679,0.156061871,0.026364335,0.008746462,1.172588172
27,Wales,25/05/2004,17,0.64,1.116179344,1.48658026,0.13863374,0.097843428,1.666004312
27,Wales,25/05/2004,18,0.64,0.605262401,0.252734945,0.15278076,0.053190339,0.979736935
27,Wales,25/05/2004,19,0.64,0.985814069,0.213257382,0.036269448,0.118355231,1.063671322
27,Wales,25/05/2004,20,1,0.890563855,0.328965304,0.067853428,0.159727959,1.286045329
27,Wales,25/05/2004,21,0.88,1.582650478,0.426030085,0.001106955,0.032618274,1.823228701
27,Wales,25/05/2004,22,0.88,1.551209168,0.146772395,0.095205064,0.056604373,0.874051308
27,Wales,25/05/2004,23,0.88,1.999320475,0.187672063,0.04728851,0.221488063,1.214209958
27,Wales,25/05/2004,24,0.88,0.848191616,0.326718939,0.097671059,0.062116104,0.86836464
27,Wales,25/05/2004,25,0.88,1.017704121,0.695637078,0.093928341,0.154004656,1.304721395
27,Wales,25/05/2004,26,0.88,0.731343368,0.291013038,0.079933316,0.127521523,1.177808116
27,Wales,25/05/2004,27,0,3.590926727,0,0,0,0.838763132
27,Wales,25/05/2004,28,0,0,1.264028042,0,0,1.018089232
27,Wales,25/05/2004,29,0,0,0,0.175461233,0,1.245953589
27,Wales,25/05/2004,30,0,0,0,0,0.199740141,1.661533704
28,Slovenia,31/05/2006,1,0.64,4.896227409,0.004327838,0.460914749,0.201244468,0.047245565
28,Slovenia,31/05/2006,2,0.64,3.482886674,0.199695139,1.026315234,0.394036522,0.198624388
28,Slovenia,31/05/2006,3,0.64,2.460222663,0.183065135,2.066500663,0.022553241,0.179466213
28,Slovenia,31/05/2006,4,0.64,3.441813829,0.048248081,1.388276897,1.161475699,0.369784562
28,Slovenia,31/05/2006,5,1,3.564249523,0.043565046,2.714057443,0.109586301,0.084884471
28,Slovenia,31/05/2006,6,0.88,4.180469809,0.153430292,1.662017027,0.186081183,0.125113591
28,Slovenia,31/05/2006,7,0.88,4.104751208,0.003257452,1.974377731,0.090846711,0.162510651
28,Slovenia,31/05/2006,8,0.88,5.512092379,0.11306509,0.494913656,0.448536658,0.200064275
28,Slovenia,31/05/2006,9,0.88,0.892393119,0.151709579,3.446720698,0.076404462,0.062387816
28,Slovenia,31/05/2006,10,0.88,2.775951663,1.372948534,1.432830037,0.187613531,0.065118289
28,Slovenia,31/05/2006,11,0.88,3.340704677,0.024027599,0.934760433,0.552345279,0.099005286
28,Slovenia,31/05/2006,12,0,5.764169631,0,0,0,0.022107037
28,Slovenia,31/05/2006,13,0,0,2.66406974,0,0,0.701331848
28,Slovenia,31/05/2006,14,0,0,0,4.329271625,0,0.073608896
28,Slovenia,31/05/2006,15,0,0,0,0,2.529427451,0.367970245
28,Slovenia,31/05/2006,16,0.64,5.934715792,0.02492301,0.130085955,0.037384515,0.121879598
28,Slovenia,31/05/2006,17,0.64,2.521212905,0.522204801,0.724178175,0.222699012,0.058925834
28,Slovenia,31/05/2006,18,0.64,3.018942156,0.005742163,3.100528721,0.038041829,0.376350928
28,Slovenia,31/05/2006,19,0.64,3.104169082,0.339949384,0.44273644,1.184808842,0.753103208
28,Slovenia,31/05/2006,20,1,1.957581632,0.042192861,1.960088139,0.183183855,0.062036038
28,Slovenia,31/05/2006,21,0.88,5.049038426,0.035009512,0.183049732,0.07402011,0.324754898
28,Slovenia,31/05/2006,22,0.88,4.012093817,0.012049777,1.150030736,0.195206391,0.033739376
28,Slovenia,31/05/2006,23,0.88,4.931787388,0.003713416,1.418896138,0.093578076,0.184928102
28,Slovenia,31/05/2006,24,0.88,3.039815729,0.952711927,1.479624062,0.063648408,0.13857628
28,Slovenia,31/05/2006,25,0.88,4.118123334,0.121158011,0.530534694,0.691974622,0.147700359
28,Slovenia,31/05/2006,26,0.88,5.538452761,0.097013096,0.315499854,0.149250917,0.226778476
28,Slovenia,31/05/2006,27,0,6.737536454,0,0,0,0.016213717
28,Slovenia,31/05/2006,28,0,0,1.06885421,0,0,0.465548693
28,Slovenia,31/05/2006,29,0,0,0,3.661194758,0,0.770819711
28,Slovenia,31/05/2006,30,0,0,0,0,2.297703987,0.886284991
29,Ireland,3/4/2006,1,0.64,0.399745929,0.104520152,0.014717635,0,0.021016284
29,Ireland,3/4/2006,2,0.64,0.12719,0.593124,0.0504735,0,0
29,Ireland,3/4/2006,3,0.64,0.343416017,0.201048902,0.170177179,0,0.005357902
29,Ireland,3/4/2006,4,0.64,0.461960871,0.433575786,0.068789081,0,0.024549263
29,Ireland,3/4/2006,5,1,0.369896737,0.415600618,0.142291414,0,0.017773731
29,Ireland,3/4/2006,6,0.88,0.354125534,0.263615796,0.018732548,0,0.026460497
29,Ireland,3/4/2006,7,0.88,0.57059503,0.112560619,0.124858735,0,0.012298116
29,Ireland,3/4/2006,8,0.88,0.398321109,0.102164256,0.057056646,0,0.006332989
29,Ireland,3/4/2006,9,0.88,0.141066247,0.568959918,0.113879331,0,0.017469504
29,Ireland,3/4/2006,10,0.88,0.239108911,0.487990099,0.082960396,0.001143564,0.03929703
29,Ireland,3/4/2006,11,0.88,0.568197199,0.46571274,0.148886719,0,0.008297093
29,Ireland,3/4/2006,12,0,0.337275,0,0,0,0
29,Ireland,3/4/2006,13,0,0,0.466665677,0,0,0.005990574
29,Ireland,3/4/2006,14,0,0,0,0.164252417,0,0.095869458
29,Ireland,3/4/2006,15,0,0,0,0,0.006118731,0.158557831
29,Ireland,3/4/2006,16,0.64,0.43976035,0.150346144,0.052574512,0,0.021368995
29,Ireland,3/4/2006,17,0.64,0.1232834,0.635274882,0.078260208,0,0.052212759
29,Ireland,3/4/2006,18,0.64,0.360265882,0.337625042,0.180608226,0,0.050725851
29,Ireland,3/4/2006,19,0.64,0.168700045,0.108988447,0.049276849,0.001330209,0.01347945
29,Ireland,3/4/2006,20,1,0.351476357,0.207588226,0.12238844,0,0.086725102
29,Ireland,3/4/2006,21,0.88,0.313777345,0.556200731,0.013730572,0,0.040291352
29,Ireland,3/4/2006,22,0.88,0.61158902,0.199813161,0.085700967,0,0.017009352
29,Ireland,3/4/2006,23,0.88,0.732264112,0.149820344,0.039287751,0,0.038027794
29,Ireland,3/4/2006,24,0.88,0.237247622,0.303966554,0.171308377,0,0.013477447
29,Ireland,3/4/2006,25,0.88,0.123671994,0.379439462,0.051197252,0,0.019910042
29,Ireland,3/4/2006,26,0.88,0.383660024,0.330393043,0.121113502,0.001721993,0.014923939
29,Ireland,3/4/2006,27,0,1.156366252,0,0,0,0.046133748
29,Ireland,3/4/2006,28,0,0,0.589967345,0,0,0.007313905
29,Ireland,3/4/2006,29,0,0,0,0.1986687,0,0.152064112
29,Ireland,3/4/2006,30,0,0,0,0,0.00701793,0.08857582
30,Ireland,27/03/2006,1,0.64,0.736314721,0.116677564,0.011651574,0,0.059876142
30,Ireland,27/03/2006,2,0.64,0.021254286,0.267126122,0.003601224,0,0.040178367
30,Ireland,27/03/2006,3,0.64,0.179831392,0.308242025,0.111741266,0,0.013985316
30,Ireland,27/03/2006,4,0.64,0.18056,0.312,0.02104,0,0.02
30,Ireland,27/03/2006,5,1,0.480059953,0.302632814,0.012763249,0,0.004583984
30,Ireland,27/03/2006,6,0.88,0.10632,0.03736,0,0,0.12168
30,Ireland,27/03/2006,7,0.88,0.340778306,0.144116993,0.024552673,0,0.026712029
30,Ireland,27/03/2006,8,0.88,0.396193217,0.246455664,0.030625385,0,0.019125734
30,Ireland,27/03/2006,9,0.88,0.064501586,0.620015247,0.111602744,0,0.017200423
30,Ireland,27/03/2006,10,0.88,0.02048,0.22624,0.00148,0,0.0024
30,Ireland,27/03/2006,11,0.88,0.044708414,0.11786076,0.061199843,0,0.064830983
30,Ireland,27/03/2006,12,0,0.308,0,0,0,0.0222
30,Ireland,27/03/2006,13,0,0,0.2432,0,0,0.01648
30,Ireland,27/03/2006,14,0,0,0,0.00928,0,0.05488
30,Ireland,27/03/2006,15,0,0,0,0,0.01216,0.17376
30,Ireland,27/03/2006,16,0.64,0.37855125,0.1210825,0.01106875,0,0.0190575
30,Ireland,27/03/2006,17,0.64,0.036847348,0.218066115,0.019651919,0,0.050954618
30,Ireland,27/03/2006,18,0.64,0.216613775,0.158212451,0.084282451,0,0.132331324
30,Ireland,27/03/2006,19,0.64,0.040677417,0.363089472,0.021604932,0.00371953,0.01574865
30,Ireland,27/03/2006,20,1,0.362033849,0.465657133,0.031086985,0,0.073022033
30,Ireland,27/03/2006,21,0.88,0.386457476,0.264156998,0.00691983,0,0.015945696
30,Ireland,27/03/2006,22,0.88,0.142319189,0.164592983,0.111886969,0,0.015280859
30,Ireland,27/03/2006,23,0.88,0.584972914,0.092010467,0.065647918,0,0.026448702
30,Ireland,27/03/2006,24,0.88,0.01972,0.19536,0.0034,0,0.02532
30,Ireland,27/03/2006,25,0.88,0.035314682,0.672862415,0.013027194,0,0.024955709
30,Ireland,27/03/2006,26,0.88,0.03716,0.256,0.03752,0,0.04248
30,Ireland,27/03/2006,27,0,0.96131216,0,0,0,0.13932784
30,Ireland,27/03/2006,28,0,0,0.323334646,0,0,0.016665354
30,Ireland,27/03/2006,29,0,0,0,0.05412,0,0.05008
30,Ireland,27/03/2006,30,0,0,0,0,0,0.616
